Company,Israel connection,Category,Job board system,Careers page
accessiBe,"Israeli-founded, Tel Aviv HQ",Web accessibility SaaS,greenhouse,https://job-boards.greenhouse.io/accessibe
AI21 Labs,"Israeli-founded, Tel Aviv",Generative AI / LLMs,comeet,https://www.comeet.com/jobs/ai21/E6.001
Aidoc,"Israeli-founded, Tel Aviv HQ",health/medtech/biotech,comeet,https://www.comeet.com/jobs/Aidoc/B4.007
Akamai (Israel R&D),"Large Israel R&D (Guardicore, Noname, Linode)",cybersecurity,workday,https://akamai.wd1.myworkdayjobs.com/akamai_careers
Alice (formerly ActiveFence),"Israeli founders, Tel Aviv R&D (AI safety/trust)",cybersecurity,other,https://www.activefence.com/careers/
Alma Lasers,Israeli HQ (Caesarea),health/medtech/biotech,other,https://www.almalasers.com/careers/
Amazon / AWS,"Israel R&D (Annapurna Labs, Haifa/Tel Aviv)",US multinational w/ Israel R&D,other,https://www.amazon.jobs/
Amdocs,"Israeli-origin, major Israel R&D",Telecom software,other,https://jobs.amdocs.com/careers
Analog Devices,Israel R&D,US multinational w/ Israel R&D,workday,https://analogdevices.wd1.myworkdayjobs.com/External
Anecdotes,"Israeli founders, Tel Aviv HQ",cybersecurity,other,https://www.anecdotes.ai/careers
Anyword,"Israeli-founded, Tel Aviv",AI marketing copy,comeet,https://www.comeet.com/jobs/anyword/30.00B
Apiiro,"Israeli founders, Tel Aviv HQ",cybersecurity,greenhouse,https://job-boards.greenhouse.io/apiiro
Apple,"Israel R&D (Herzliya/Haifa; Anobit, PrimeSense)",US multinational w/ Israel R&D,other,https://jobs.apple.com/
Applied Materials,Israel R&D (Rehovot),US multinational w/ Israel R&D,workday,https://amat.wd1.myworkdayjobs.com/External
AppsFlyer,"Israeli-founded, Herzliya HQ",Martech / mobile attribution,greenhouse,https://job-boards.greenhouse.io/appsflyer
Aqua Security,"Israeli founders, Ramat Gan HQ",cybersecurity,comeet,https://www.comeet.com/jobs/aquasec/91.001
Armis (ServiceNow),"Israeli founders, Tel Aviv R&D; acquired by ServiceNow",cybersecurity,smartrecruiters,https://jobs.smartrecruiters.com/ServiceNow
Astrix Security,"Israeli founders, Tel Aviv R&D",cybersecurity,other,https://astrix.security/careers/
At-Bay,Israeli-founded cyber insurtech,insurtech,greenhouse,https://job-boards.greenhouse.io/atbayjobs
AU10TIX,Israeli identity verification (KYC),fintech/identity,comeet,https://www.comeet.com/jobs/au10tix/3A.00C
Augmedics,Israeli-founded AR surgery,health/medtech/biotech,other,https://augmedics.com/careers/
Augury,Israeli founders; Haifa/Tel Aviv R&D,hardware/semis/mobility/climate,greenhouse,https://job-boards.greenhouse.io/augury
Autodesk,Israel R&D (Tel Aviv),US multinational w/ Israel R&D,workday,https://autodesk.wd1.myworkdayjobs.com/Ext
Axon (Carbyne),Acquired Israeli Carbyne (911 tech),defense/gov/security,greenhouse,https://job-boards.greenhouse.io/axon
Axonius,"Israeli founders, Tel Aviv R&D",cybersecurity,greenhouse,https://job-boards.greenhouse.io/axonius
Backslash Security,"Israeli founders, Tel Aviv HQ",cybersecurity,other,https://www.backslash.security/careers
Balance,Israeli-founded B2B payments,payments,comeet,https://www.comeet.com/jobs/balance/67.008
BigID,"Israeli founders, Tel Aviv R&D",cybersecurity,greenhouse,https://job-boards.greenhouse.io/bigid
BioCatch,"Israeli founders, Tel Aviv HQ",cybersecurity,comeet,https://www.comeet.com/jobs/biocatch/03.00E
Bizzabo,"Israeli-founded, Tel Aviv R&D",Event management SaaS,comeet,https://www.comeet.com/jobs/bizzabo/A5.000
BlinkOps,"Israeli founders, Tel Aviv R&D",cybersecurity,other,https://www.blinkops.com/careers
Bluevine,"Israeli-founded (Eyal Lifshitz), Tel Aviv R&D",fintech,greenhouse,https://job-boards.greenhouse.io/bluevineus
Brainsway,Israeli HQ (Jerusalem),health/medtech/biotech,other,https://www.brainsway.com/careers/
Bright Data,"Israeli-founded, Netanya",Web data platform,comeet,https://www.comeet.com/jobs/brightdata/88.007
Bringg,"Israeli-founded, Tel Aviv R&D",Delivery/logistics SaaS,greenhouse,https://job-boards.greenhouse.io/bringg
Broadcom,Israel R&D,US multinational w/ Israel R&D,workday,https://broadcom.wd1.myworkdayjobs.com/External_Career
Buildots,Israeli-founded construction progress AI,proptech/construction,other,https://buildots.com/careers/
Caesarstone US,Israeli HQ,consumer/food/gaming/other,other,https://www.caesarstone.com/careers/
Camtek,Israeli HQ (Migdal HaEmek),hardware/semis/mobility/climate,other,https://www.camtek.com/careers/
Candela Medical,Israeli-origin (Syneron merger),health/medtech/biotech,other,https://candelamedical.com/careers/
Capitolis,Israeli-founded capital markets fintech,fintech,greenhouse,https://job-boards.greenhouse.io/capitolis
Cato Networks,"Israeli founders, Tel Aviv HQ",cybersecurity,greenhouse,https://job-boards.greenhouse.io/catonetworks
Cellebrite,Israeli HQ (Petah Tikva),defense/gov/security,other,https://cellebrite.com/en/careers/
Ceragon Networks,Israeli HQ,hardware/semis/mobility/climate,other,https://www.ceragon.com/careers
Chargeflow,Israeli-founded chargeback automation,payments,comeet,https://www.comeet.com/jobs/chargeflow/29.001
Check Point Software,"Israeli founders, Tel Aviv HQ",cybersecurity,other,https://careers.checkpoint.com/
Checkmarx,"Israeli founders, Ramat Gan R&D",cybersecurity,comeet,https://www.comeet.com/jobs/checkmarx/C0.008
Cisco,Israel R&D (Netanya/Tel Aviv),US multinational w/ Israel R&D,workday,https://cisco.wd5.myworkdayjobs.com/Cisco_Careers
Claroty,"Israeli founders, Tel Aviv R&D",cybersecurity,comeet,https://www.comeet.com/jobs/Claroty/F2.004
Cloudinary,"Israeli founders, Petah Tikva R&D",Media API / dev tools,lever,https://jobs.lever.co/cloudinary
Cognyte,Israeli HQ (Herzliya),defense/gov/security,other,https://www.cognyte.com/careers/
Compass,Israeli co-founder (Ori Allon) real estate tech,proptech,greenhouse,https://job-boards.greenhouse.io/urbancompass
Connecteam,Israeli-founded deskless workforce mgmt platform,hr-tech/workforce,greenhouse,https://job-boards.greenhouse.io/connecteam
Coralogix,"Israeli-founded, Tel Aviv",Observability / dev tools,comeet,https://www.comeet.com/jobs/coralogix/06.004
Cross River Bank,Tech-forward bank with large Israel R&D center (Tel Aviv),fintech/banking,greenhouse,https://job-boards.greenhouse.io/crossriverbank
CyberArk (Palo Alto Networks),"Israeli founders, Petah Tikva HQ; acquired by PANW",cybersecurity,other,https://www.cyberark.com/careers/
Cybereason (LevelBlue),"Israeli founders, Tel Aviv R&D; merged into LevelBlue",cybersecurity,greenhouse,https://job-boards.greenhouse.io/cybereason
Cyera,"Israeli founders, Tel Aviv R&D",cybersecurity,comeet,https://www.comeet.com/jobs/cyera/17.008
Cylus,"Israeli founders, Tel Aviv HQ (rail cyber)",cybersecurity,other,https://www.cylus.com/careers
Cymulate,"Israeli founders, Rishon LeZion/Tel Aviv HQ",cybersecurity,greenhouse,https://job-boards.eu.greenhouse.io/cymulate
Cynet,"Israeli founders, Tel Aviv R&D",cybersecurity,comeet,https://www.comeet.com/jobs/cynet/33.00D
Cyolo,"Israeli founders, Tel Aviv HQ",cybersecurity,other,https://cyolo.io/careers
D-ID,"Israeli-founded, Tel Aviv",Generative video AI,workable,https://apply.workable.com/d-id/
Dario Health,Israeli-founded (Caesarea R&D),health/medtech/biotech,other,https://www.dariohealth.com/careers/
Dataloop AI,"Israeli-founded, Herzliya",AI data platform,comeet,https://www.comeet.com/jobs/dataloop/B5.00A
Datarails,"Israeli-founded, Tel Aviv R&D",FP&A SaaS,greenhouse,https://job-boards.greenhouse.io/datarails
Daylight Security,"Israeli founders, Tel Aviv R&D",cybersecurity,other,https://daylight.ai/careers
DealHub,Israeli founders,CPQ / revenue SaaS,comeet,https://www.comeet.com/jobs/dealhub/86.005
Deel,Co-founder Alex Bouaziz (French-Israeli per task brief); large Israel presence,hr-tech/payroll/EOR,ashby,https://jobs.ashbyhq.com/deel
Deep Instinct,"Israeli founders, Tel Aviv R&D",cybersecurity,comeet,https://www.comeet.com/jobs/deepinstinct/72.00A
Dell Technologies,Israel R&D (Herzliya/Beer Sheva),US multinational w/ Israel R&D,workday,https://dell.wd1.myworkdayjobs.com/External
Delta Galil USA,Israeli HQ Delta Galil Industries,consumer/food/gaming/other,other,https://www.deltagalil.com/careers/
Descope,"Israeli founders, Tel Aviv R&D",cybersecurity,greenhouse,https://job-boards.greenhouse.io/descope
DRS RADA Technologies (Leonardo DRS),RADA Israeli radar merged into Leonardo DRS,defense/gov/security,other,https://www.leonardodrs.com/careers/
Duda,"Israeli founders, Tel Aviv R&D",Website builder SaaS,greenhouse,https://job-boards.greenhouse.io/duda
Earnix,Israeli-founded insurance/banking pricing AI,insurtech/fintech,comeet,https://www.comeet.com/jobs/earnix/93.00B
EasySend,Israeli-founded digital forms for insurers/banks,insurtech/fintech,comeet,https://www.comeet.com/jobs/easysend/D5.009
eBay,Israel R&D (Netanya),US multinational w/ Israel R&D,workday,https://ebay.wd5.myworkdayjobs.com/apply
Elementor,"Israeli-founded, Ramat Gan",Website builder,comeet,https://www.comeet.com/jobs/Elementor/A3.00F
Eleos Health,Israeli founders; Tel Aviv R&D,health/medtech/biotech,greenhouse,https://job-boards.greenhouse.io/eleoshealth
Enlight Renewable Energy (Clenera),Israeli HQ; Clenera US subsidiary,hardware/semis/mobility/climate,other,https://clenera.com/careers/
eToro,Israeli-founded trading/investing platform,fintech,comeet,https://www.comeet.com/jobs/etoro/41.009
Eviation Aircraft,Israeli-founded electric aircraft,hardware/semis/mobility/climate,other,https://www.eviation.com/careers/
Explorium,"Israeli-founded, Tel Aviv",Data / AI platform,comeet,https://www.comeet.com/jobs/explorium/B4.00E
Fireblocks,Israeli-founded crypto infrastructure,fintech/payments,greenhouse,https://job-boards.greenhouse.io/fireblocks
Firebolt,"Israeli-founded, Tel Aviv",Cloud data warehouse,comeet,https://www.comeet.com/jobs/firebolt/26.004
Fiverr,"Israeli-founded, Tel Aviv HQ",Freelance marketplace,comeet,https://www.comeet.com/jobs/fiverr/60.002
Forter,"Israeli founders, Tel Aviv R&D",cybersecurity,greenhouse,https://job-boards.greenhouse.io/forter
Freightos,"Israeli-founded, Jerusalem",Freight marketplace / logistics tech,comeet,https://www.comeet.com/jobs/freightos/F0.000
Frontegg,"Israeli founders, Tel Aviv HQ",cybersecurity,other,https://frontegg.com/careers
FundGuard,Israeli-founded fund accounting platform,fintech,comeet,https://www.comeet.com/jobs/fundguard/37.002
Gauzy,Israeli HQ (Tel Aviv),hardware/semis/mobility/climate,other,https://www.gauzy.com/careers/
GE HealthCare,Haifa/Tirat Carmel R&D,medtech MNC w/ Israel R&D,workday,https://gehc.wd5.myworkdayjobs.com/GEHC_ExternalSite
General Motors,GM Israel tech center (Herzliya),US multinational w/ Israel R&D,workday,https://generalmotors.wd5.myworkdayjobs.com/Careers_GM
Gett,Israeli-founded,hardware/semis/mobility/climate,other,https://gett.com/careers/
Gilat Satellite Networks (Wavestream/DataPath),Israeli HQ (Petah Tikva),hardware/semis/mobility/climate,other,https://www.gilat.com/careers/
Glassbox,"Israeli-founded, Petah Tikva",Digital experience analytics,comeet,https://www.comeet.com/jobs/glassbox/53.00C
Gloat,Israeli-founded internal talent marketplace,hr-tech/talent,comeet,https://www.comeet.com/jobs/gloat/E5.000
Global-e,"Israeli-founded, Petah Tikva HQ",Cross-border e-commerce tech,comeet,https://www.comeet.com/jobs/global-e/62.002
Gong,"Israeli founders, R&D in Tel Aviv",Enterprise SaaS / revenue AI,greenhouse,https://job-boards.greenhouse.io/gongio
Google,"Large Israel R&D (Tel Aviv/Haifa), owns Waze",US multinational w/ Israel R&D,other,https://www.google.com/about/careers/applications/jobs/results/
Grip Security,"Israeli founders, Tel Aviv R&D",cybersecurity,other,https://www.grip.security/careers
groundcover,"Israeli-founded, Tel Aviv",Observability,comeet,https://www.comeet.com/jobs/groundcover/88.008
Guardio,"Israeli founders, Tel Aviv HQ",cybersecurity,other,https://guard.io/careers
Guardz,"Israeli founders, Tel Aviv HQ",cybersecurity,greenhouse,https://job-boards.eu.greenhouse.io/guardz
Guesty,"Israeli-founded, Tel Aviv",Property-management SaaS,comeet,https://www.comeet.com/jobs/guesty/10.000
Guidde,"Israeli-founded, Tel Aviv",AI documentation SaaS,greenhouse,https://job-boards.greenhouse.io/guidde
Gusto,Israeli co-founder (Tomer London),hr-tech/payroll,greenhouse,https://job-boards.greenhouse.io/gusto
Hailo,Israeli HQ (Tel Aviv),hardware/semis/mobility/climate,other,https://hailo.ai/company-overview/careers/
Healthee,Israeli-founded employee benefits navigation,hr-tech/benefits,workable,https://apply.workable.com/healthee/
Hello Heart,Israeli founders; Tel Aviv R&D,health/medtech/biotech,greenhouse,https://job-boards.greenhouse.io/helloheart
HiBob,Israeli-founded HRIS (bob),hr-tech/HRIS,other,https://careers.hibob.com/jobs
Hippo,Israeli co-founder (Assaf Wand) home insurtech,insurtech/proptech,greenhouse,https://job-boards.greenhouse.io/hippo70
HoneyBook,"Israeli founders, Tel Aviv R&D",SMB client-management SaaS,ashby,https://jobs.ashbyhq.com/honeybook
Honeycomb Insurance,Israeli-founded commercial property insurtech,insurtech/proptech,greenhouse,https://job-boards.greenhouse.io/honeycombinsurance
HP Inc.,HP Indigo (Ness Ziona) large Israel ops,US multinational w/ Israel R&D,workday,https://hp.wd5.myworkdayjobs.com/ExternalCareerSite
Hunters,"Israeli founders, Tel Aviv R&D",cybersecurity,other,https://www.hunters.security/careers
IAI North America,US subsidiary of Israel Aerospace Industries,defense/gov/security,other,https://www.iai-na.com/
IBM,Israel R&D (Haifa research lab),US multinational w/ Israel R&D,other,https://www.ibm.com/careers/search
ICL Group (US),Israeli HQ ICL,consumer/food/gaming/other,other,https://www.icl-group.com/careers/
IDB Bank (Israel Discount Bank of New York),US subsidiary of Israel Discount Bank,fintech/banking,greenhouse,https://job-boards.greenhouse.io/idbny
Imperva (Thales),"Israeli-origin, Tel Aviv R&D; acquired by Thales",cybersecurity,workday,https://careers.thalesgroup.com/
InMode,Israeli HQ (Yokneam),health/medtech/biotech,other,https://www.inmodemd.com/careers/
Innovid (Mediaocean),"Israeli-founded, Tel Aviv R&D",Adtech / CTV,greenhouse,https://job-boards.greenhouse.io/innovid
Innoviz Technologies,Israeli HQ (Rosh HaAyin),hardware/semis/mobility/climate,other,https://innoviz.tech/join-us/usa
Intel,"Large Israel R&D & fabs (Haifa, Kiryat Gat)",US multinational w/ Israel R&D,workday,https://intel.wd1.myworkdayjobs.com/External
Intezer,"Israeli founders, Tel Aviv R&D",cybersecurity,other,https://intezer.com/careers/
Irregular,"Israeli founders, Tel Aviv R&D",cybersecurity,other,https://irregular.com/careers
Island,"Israeli founders, Tel Aviv R&D",cybersecurity,greenhouse,https://job-boards.greenhouse.io/island
Itamar Medical (ZOLL),"Israeli-founded (Caesarea), now ZOLL/Asahi Kasei",health/medtech/biotech,other,https://www.zoll.com/about-zoll/careers
JFrog (DevSecOps),"Israeli founders, Netanya/Tel Aviv R&D",cybersecurity,greenhouse,https://job-boards.greenhouse.io/jfrog
Jit,"Israeli founders, Tel Aviv HQ",cybersecurity,other,https://www.jit.io/careers
Johnson & Johnson (Biosense Webster),Biosense Webster R&D in Yokneam,medtech MNC w/ Israel R&D,workday,https://jj.wd5.myworkdayjobs.com/JJ
Justt,Israeli-founded chargeback mitigation,payments,comeet,https://www.comeet.com/jobs/justt/36.001
K Health,Israeli founders (Allon Bloch); Tel Aviv R&D,health/medtech/biotech,greenhouse,https://job-boards.greenhouse.io/khealthcareers
Kaltura,"Israeli founders, Ramat Gan R&D",Video SaaS,comeet,https://www.comeet.com/jobs/kaltura/E2.00D
KLA,"Israel R&D (Migdal HaEmek, ex-Orbotech)",US multinational w/ Israel R&D,workday,https://kla.wd1.myworkdayjobs.com/Search
Komodor,"Israeli-founded, Tel Aviv",Kubernetes dev tools,comeet,https://www.comeet.com/jobs/komodor/96.005
Kornit Digital,Israeli HQ (Rosh HaAyin),hardware/semis/mobility/climate,other,https://careers.kornit.com/
Lasso Security,"Israeli founders, Tel Aviv HQ",cybersecurity,other,https://www.lasso.security/careers
Legit Security,"Israeli founders, Tel Aviv R&D",cybersecurity,comeet,https://www.comeet.com/jobs/legitsecurity.com/37.004
Lemonade,"Israeli-founded insurtech (Daniel Schreiber, Shai Wininger)",insurtech,ashby,https://jobs.ashbyhq.com/Lemonade
Lendbuzz,Israeli-founded AI auto lending,fintech,lever,https://jobs.lever.co/lendbuzz
Lifeward (ReWalk),Israeli-founded (Yokneam),health/medtech/biotech,other,https://golifeward.com/careers/
Lightbits Labs,Israeli-founded,hardware/semis/mobility/climate,other,https://www.lightbitslabs.com/careers/
Lightricks,"Israeli-founded, Jerusalem HQ",Creative AI / consumer apps,greenhouse,https://job-boards.greenhouse.io/lightricks
Lightrun,"Israeli-founded, Tel Aviv",Dev tools / observability,greenhouse,https://job-boards.greenhouse.io/lightrun
Lili,Israeli-founded SMB banking,fintech,comeet,https://www.comeet.com/jobs/lili/A6.009
Lumenis,Israeli-founded (Yokneam),health/medtech/biotech,other,https://www.lumenis.com/careers/
Lusha,"Israeli-founded, Tel Aviv",Sales intelligence SaaS,comeet,https://www.comeet.com/jobs/lusha/73.00B
Marvell,Israel R&D (Yokneam/Petah Tikva),US multinational w/ Israel R&D,workday,https://marvell.wd1.myworkdayjobs.com/MarvellCareers
Medtronic,Israel R&D via Mazor Robotics & Given Imaging,medtech MNC w/ Israel R&D,workday,https://medtronic.wd1.myworkdayjobs.com/MedtronicCareers
Melio,Israeli-founded B2B payments (acquired by Xero 2025),fintech/payments,greenhouse,https://job-boards.greenhouse.io/melio
Memcyco,"Israeli founders, Tel Aviv HQ",cybersecurity,other,https://www.memcyco.com/careers/
Meta,Israel R&D (Tel Aviv),US multinational w/ Israel R&D,other,https://www.metacareers.com/jobs
Micron Technology,Israel R&D (Tel Aviv/Haifa),US multinational w/ Israel R&D,workday,https://micron.wd1.myworkdayjobs.com/External
Microsoft,Large Israel R&D (Herzliya),US multinational w/ Israel R&D,other,https://jobs.careers.microsoft.com/
Minute Media,"Israeli founders, Tel Aviv R&D",Digital media / publisher tech,comeet,https://www.comeet.com/jobs/minutemedia/45.00A
Mitiga,"Israeli founders, Tel Aviv R&D",cybersecurity,other,https://www.mitiga.io/careers
Mobileye,Israeli HQ (Jerusalem),hardware/semis/mobility/climate,other,https://careers.mobileye.com/
monday.com,"Israeli-founded, Tel Aviv HQ",Work management SaaS,ashby,https://jobs.ashbyhq.com/monday.com
Moon Active,Israeli HQ (Tel Aviv),consumer/food/gaming/other,ashby,https://jobs.ashbyhq.com/moonactive
Morphisec,"Israeli founders, Beer Sheva R&D",cybersecurity,other,https://www.morphisec.com/careers
Motorola Solutions,Israel R&D (Airport City),US multinational w/ Israel R&D,workday,https://motorolasolutions.wd5.myworkdayjobs.com/Careers
Nagomi Security,"Israeli founders, Tel Aviv R&D",cybersecurity,comeet,https://www.comeet.com/jobs/NagomiSecurity/89.00B
Namogoo,"Israeli-founded, Tel Aviv",E-commerce journey AI,comeet,https://www.comeet.com/jobs/namogoo/B4.006
Nano Dimension (Desktop Metal/Markforged),Israeli HQ (Ness Ziona),hardware/semis/mobility/climate,other,https://www.nano-di.com/job-openings
Nanox (incl. Nanox.AI / ex-Zebra Medical),"Israeli-founded, Zebra Medical acquired",health/medtech/biotech,other,https://www.nanox.vision/careers
Navan,"Israeli-founded (Ilan Twig, Ariel Cohen) travel & expense",fintech/spend,greenhouse,https://job-boards.greenhouse.io/tripactions
Navina,Israeli-founded AI primary care,health/medtech/biotech,other,https://www.navina.ai/careers
Nayax,Israeli cashless payments (Nasdaq/TASE),payments,comeet,https://www.comeet.com/jobs/nayax/13.009
Netafim USA (Orbia),Israeli-origin drip irrigation,consumer/food/gaming/other,other,https://www.netafim.com/en/careers/
NeuReality,Israeli-founded,hardware/semis/mobility/climate,other,https://www.neureality.ai/careers
Next Insurance,Israeli-founded SMB insurtech (acquired by ERGO/Munich Re 2025),insurtech,greenhouse,https://job-boards.greenhouse.io/nextinsurance66
Nexxen (formerly Tremor International),"Israeli-origin, Tel Aviv R&D",Adtech,ashby,https://jobs.ashbyhq.com/nexxen
NICE,Israeli HQ (Ra'anana),CX / contact-center software,other,https://www.nice.com/careers/apply
Noma Security,"Israeli founders, Tel Aviv R&D",cybersecurity,comeet,https://www.comeet.com/jobs/noma_security/3A.005
Noname Security (Akamai),Israeli founders; acquired by Akamai,cybersecurity,comeet,https://www.comeet.com/jobs/noname/86.001
Nova Ltd,Israeli HQ (Rehovot),hardware/semis/mobility/climate,other,https://www.novami.com/careers/
Novee Security,"Israeli founders, Tel Aviv HQ",cybersecurity,other,https://novee.security/careers
Novidea,Israeli-founded insurance broker software,insurtech,ashby,https://jobs.ashbyhq.com/novidea
Novocure,"Israeli-origin tech, Haifa R&D",health/medtech/biotech,other,https://careers.novocure.com/go/United-States/8193800/
NVIDIA,"Large Israel R&D (Mellanox, Yokneam)",US multinational w/ Israel R&D,workday,https://nvidia.wd5.myworkdayjobs.com/NVIDIAExternalCareerSite
Oasis Security,"Israeli founders, Tel Aviv R&D",cybersecurity,greenhouse,https://job-boards.greenhouse.io/oasissecurity
Obligo,Israeli-founded rental deposit fintech,proptech/fintech,greenhouse,https://job-boards.greenhouse.io/obligo
Oligo Security,"Israeli founders, Tel Aviv HQ",cybersecurity,comeet,https://www.comeet.com/jobs/oligosecurity/5A.00B
Optibus,"Israeli-founded, Tel Aviv",Transit planning SaaS,comeet,https://www.comeet.com/jobs/optibus/D1.00C
Optimove,"Israeli-founded, Tel Aviv R&D",Martech / CRM SaaS,greenhouse,https://job-boards.greenhouse.io/optimove
Oracle,Israel R&D (Petah Tikva),US multinational w/ Israel R&D,other,https://careers.oracle.com/
Orca Security,"Israeli founders, Tel Aviv HQ",cybersecurity,greenhouse,https://job-boards.greenhouse.io/orcasecurity
Ormat Technologies,"Israeli-founded, Yavne ops",hardware/semis/mobility/climate,other,https://www.ormat.com/
OX Security,"Israeli founders, Tel Aviv HQ",cybersecurity,other,https://www.ox.security/careers/
Pagaya,"Israeli-founded AI lending, Tel Aviv R&D",fintech,greenhouse,https://job-boards.greenhouse.io/pagaya
Palo Alto Networks,"Israeli founder (Nir Zuk), large Tel Aviv R&D",cybersecurity,other,https://jobs.paloaltonetworks.com/
Papaya Global,Israeli-founded global payroll/EOR,hr-tech/payroll,comeet,https://www.comeet.com/jobs/papayaglobal/16.005
Payoneer,"Israeli-founded (Yuval Tal), large Petah Tikva R&D",fintech/payments,greenhouse,https://job-boards.greenhouse.io/payoneer
PayPal,Israel R&D (Tel Aviv/Beer Sheva),US multinational w/ Israel R&D,workday,https://paypal.wd1.myworkdayjobs.com/jobs
Pentera,"Israeli founders, Petah Tikva HQ",cybersecurity,comeet,https://www.comeet.com/jobs/pentera/C5.00D
Percepto,Israeli-founded drones,hardware/semis/mobility/climate,other,https://percepto.co/careers/
Perion Network,Israeli HQ (Holon),Adtech,greenhouse,https://job-boards.greenhouse.io/perionnetworkltd
Personetics,Israeli-founded AI banking personalization,fintech,comeet,https://www.comeet.com/jobs/personetics/83.00A
Philips,Haifa R&D (imaging),medtech MNC w/ Israel R&D,workday,https://philips.wd3.myworkdayjobs.com/jobs-and-careers
Pillar Security,"Israeli founders, Tel Aviv HQ",cybersecurity,other,https://www.pillar.security/careers
Placer.ai,Israeli-founded location analytics (real estate/retail),proptech/data,greenhouse,https://job-boards.greenhouse.io/placerlabs
Plarium,Israeli-founded (Aristocrat),consumer/food/gaming/other,other,https://company.plarium.com/en/careers/
Plasan North America,Israeli parent Plasan,defense/gov/security,other,https://plasan.com/careers/
Playtika,Israeli HQ (Herzliya),Mobile gaming software,greenhouse,https://job-boards.greenhouse.io/playtikaltd
Plus500 (US),Israeli trading platform; US futures arm (Chicago),fintech,comeet,https://www.comeet.com/jobs/plus500/A1.00F
Port,"Israeli-founded, Tel Aviv",Internal developer portal,comeet,https://www.comeet.com/jobs/port/59.004
Qodo (formerly CodiumAI),"Israeli-founded, Tel Aviv",AI dev tools,comeet,https://www.comeet.com/jobs/qodo/B8.00B
Qualcomm,Israel R&D (Haifa; Autotalks acquired),US multinational w/ Israel R&D,other,https://careers.qualcomm.com/careers
Radware,"Israeli founders, Tel Aviv HQ (NASDAQ: RDWR)",cybersecurity,other,https://radware.taleo.net/careersection/ex/joblist.ftl
Rafael Systems Global Sustainment (RSGS),US JV/affiliate of Rafael,defense/gov/security,other,https://www.rafael-sgs.com/careers
Rapyd,Israeli-founded fintech-as-a-service payments,payments,comeet,https://www.comeet.com/jobs/rapyd/73.00E
RedHill Biopharma,Israeli HQ (Tel Aviv),health/medtech/biotech,other,https://www.redhillbio.com/careers
Redis,"Israeli founders (Redis Labs), Tel Aviv R&D",Database / data infra,ashby,https://jobs.ashbyhq.com/redis
REE Automotive,Israeli-founded,hardware/semis/mobility/climate,other,https://ree.auto/careers/
Reflectiz,"Israeli founders, Ramat Gan HQ",cybersecurity,other,https://www.reflectiz.com/careers/
Riskified,"Israeli founders, Tel Aviv HQ (NYSE: RSKD)",cybersecurity,greenhouse,https://job-boards.greenhouse.io/riskified
Riverside.fm,"Israeli-founded, Tel Aviv",Creator video/audio SaaS,comeet,https://www.comeet.com/jobs/riverside-fm/66.009
Sabra Dipping Co.,Strauss Group (Israel) brand,consumer/food/gaming/other,other,https://sabra.com/careers/
SafeBreach,"Israeli founders, Tel Aviv R&D",cybersecurity,greenhouse,https://job-boards.greenhouse.io/safebreach
Salesforce,Israel R&D (Tel Aviv),US multinational w/ Israel R&D,workday,https://salesforce.wd12.myworkdayjobs.com/External_Career_Site
Salt Security,"Israeli founders, Tel Aviv R&D",cybersecurity,greenhouse,https://job-boards.greenhouse.io/saltsecurity
SanDisk / Western Digital,Israel R&D (Kfar Saba; ex-M-Systems),US multinational w/ Israel R&D,other,https://jobs.sandisk.com/
Sapiens International,Israeli insurance software (TASE/Nasdaq; Advent-owned),insurtech,other,https://careers.sapiens.com/
Seemplicity,"Israeli founders, Tel Aviv HQ",cybersecurity,other,https://seemplicity.io/careers/
Semperis,"Israeli founders, Israel R&D",cybersecurity,other,https://www.semperis.com/careers/
SentinelOne,"Israeli founders, Tel Aviv R&D",cybersecurity,greenhouse,https://job-boards.greenhouse.io/sentinellabs
Sentra,"Israeli founders, Tel Aviv R&D",cybersecurity,other,https://www.sentra.io/careers
Sepio,"Israeli founders, Tel Aviv R&D",cybersecurity,other,https://sepiocyber.com/careers/
Sight Diagnostics,Israeli-founded (Jerusalem),health/medtech/biotech,other,https://www.sightdx.com/careers
Silverfort,"Israeli founders, Tel Aviv HQ",cybersecurity,comeet,https://www.comeet.com/jobs/silverfort/54.007
Similarweb,"Israeli-founded, Tel Aviv HQ",Data / digital intelligence SaaS,greenhouse,https://job-boards.greenhouse.io/similarweb
Singular,"Israeli founders, Tel Aviv R&D",Martech / mobile attribution,ashby,https://jobs.ashbyhq.com/singular
Sisense,"Israeli-founded, Ramat Gan R&D",BI / analytics SaaS,ashby,https://jobs.ashbyhq.com/sisense
Skai (formerly Kenshoo),"Israeli-founded, Tel Aviv",Martech / commerce media,comeet,https://www.comeet.com/jobs/skai/22.00A
Snappy,"Israeli founders, Tel Aviv R&D",Corporate gifting SaaS,ashby,https://jobs.ashbyhq.com/snappy
Snyk,"Israeli co-founders, Tel Aviv R&D",cybersecurity,greenhouse,https://job-boards.greenhouse.io/snyk
SodaStream (PepsiCo),"Israeli-origin, owned by PepsiCo",consumer/food/gaming/other,other,https://www.pepsicojobs.com/
SolarEdge,Israeli HQ (Herzliya),hardware/semis/mobility/climate,other,https://www.solaredge.com/us/careers
SQream,"Israeli-founded, Tel Aviv",GPU data analytics,comeet,https://www.comeet.com/jobs/sqream/45.00B
Stampli,Israeli-founded AP automation,fintech,comeet,https://www.comeet.com/jobs/stampli/F6.007
Stratasys,Dual HQ Rehovot / Eden Prairie,hardware/semis/mobility/climate,other,https://www.stratasys.com/
Sunbit,Israeli-founded BNPL/point-of-sale financing,fintech/payments,comeet,https://www.comeet.com/jobs/sunbit/37.001
Sygnia,"Israeli founders, Tel Aviv HQ",cybersecurity,comeet,https://www.comeet.com/jobs/sygnia/78.00A
Syte,"Israeli-founded, Tel Aviv",E-commerce visual AI,comeet,https://www.comeet.com/jobs/syte/74.002
Tabnine,"Israeli-founded, Tel Aviv",AI dev tools,comeet,https://www.comeet.com/jobs/tabnine/39.006
Taboola,"Israeli-founded, Tel Aviv R&D",Adtech,greenhouse,https://job-boards.greenhouse.io/taboola
Tailor Brands,"Israeli-founded, Tel Aviv",SMB branding SaaS,comeet,https://www.comeet.com/jobs/tailorbrands/94.009
Taro Pharmaceutical (Sun Pharma),Israeli-origin (Haifa),health/medtech/biotech,other,https://www.taro.com/careers
Teads (formerly Outbrain),Outbrain Israeli-founded; merged with Teads 2025,Adtech,greenhouse,https://job-boards.greenhouse.io/teads1
Tenzai,"Israeli founders, Tel Aviv HQ",cybersecurity,other,https://tenzai.com/careers
Teva Pharmaceuticals,Israeli HQ (Tel Aviv),health/medtech/biotech,other,https://careers.tevapharm.com/
ThetaRay,Israeli-founded AML/financial crime AI,fintech/regtech,comeet,https://www.comeet.com/jobs/thetaray/72.00F
Tint,Israeli-founded embedded insurance,insurtech,greenhouse,https://job-boards.greenhouse.io/tintai
Tipalti,Israeli-founded AP/payments automation,fintech/payments,greenhouse,https://job-boards.greenhouse.io/tipaltisolutions
Token Security,"Israeli founders, Tel Aviv R&D",cybersecurity,other,https://www.token.security/careers
Tomorrow.io,"Israeli founders, Tel Aviv R&D",Weather intelligence / data SaaS,greenhouse,https://job-boards.greenhouse.io/tomorrow
Torq,"Israeli founders, Tel Aviv R&D",cybersecurity,greenhouse,https://job-boards.greenhouse.io/torq
Tower Semiconductor,Israeli HQ (Migdal HaEmek),hardware/semis/mobility/climate,other,https://towersemi.com/
Transmit Security,"Israeli founders, Tel Aviv R&D",cybersecurity,greenhouse,https://job-boards.greenhouse.io/transmitsecurity
Trax,Israeli founders,Retail computer vision,comeet,https://www.comeet.com/jobs/traxretail/22.007
Twenty-Six Defense (formerly Elbit America),US subsidiary of Elbit Systems,defense/gov/security,other,https://jobs.dayforcehcm.com/en-US/esa/ESACAREERSITE
TytoCare,Israeli-founded (Netanya R&D),health/medtech/biotech,other,https://www.tytocare.com/careers/
Unit,Israeli-founded embedded banking (Itai Damti),fintech,ashby,https://jobs.ashbyhq.com/unit
Upstream Security,"Israeli founders, Herzliya HQ (automotive cyber)",cybersecurity,other,https://upstream.auto/careers/
Upwind Security,"Israeli founders, Tel Aviv R&D",cybersecurity,comeet,https://www.comeet.com/jobs/upwind/49.004
UroGen Pharma,Israeli-founded (Ra'anana R&D),health/medtech/biotech,other,https://www.urogen.com/careers/
Valence Security,"Israeli founders, Tel Aviv R&D",cybersecurity,other,https://www.valencesecurity.com/careers
Valens Semiconductor,Israeli HQ (Hod Hasharon),hardware/semis/mobility/climate,other,https://www.valens.com/careers
Varonis,"Israeli founders, Herzliya R&D",cybersecurity,other,https://careers.varonis.com/
VAST Data,"Israeli founders, Tel Aviv R&D",AI data infrastructure,comeet,https://www.comeet.com/jobs/vastdata/43.001
vcita,"Israeli-founded, Tel Aviv",SMB business-management SaaS,comeet,https://www.comeet.com/jobs/vcita/83.002
Venn,Israeli-founded resident experience proptech,proptech,greenhouse,https://job-boards.greenhouse.io/venncity
Verbit,"Israeli-founded, Tel Aviv R&D",AI transcription,comeet,https://www.comeet.com/jobs/verbit/C2.000
Verint,Israeli-origin; large Israel R&D,Customer engagement software,comeet,https://www.comeet.com/jobs/verint/F2.009
Via Transportation,"Israeli founders, Tel Aviv R&D",Transit SaaS,greenhouse,https://job-boards.greenhouse.io/via
Vim,Israeli founders (Oron Afek); Tel Aviv R&D,health/medtech/biotech,greenhouse,https://job-boards.greenhouse.io/vim
Viz.ai,Israeli co-founders (Chris Mansi/David Golan); Tel Aviv R&D,health/medtech/biotech,ashby,https://jobs.ashbyhq.com/viz.ai
Voyantis,"Israeli-founded, Tel Aviv",Predictive growth AI,comeet,https://www.comeet.com/jobs/voyantis/86.00B
WalkMe (SAP),"Israeli-founded, Tel Aviv; acquired by SAP 2024",Digital adoption SaaS,lever,https://jobs.lever.co/walkme
WeWork,Israeli co-founder (Adam Neumann),proptech,workday,https://wework.wd1.myworkdayjobs.com/WeWork
Wiliot,Israeli founders; Tel Aviv/Caesarea R&D,hardware/semis/mobility/climate,comeet,https://www.comeet.com/jobs/wiliot/F6.003
Wix,"Israeli-founded, Tel Aviv HQ",Website builder SaaS,smartrecruiters,https://careers.smartrecruiters.com/Wix2
Wiz,"Israeli founders, Tel Aviv R&D (acquired by Google)",cybersecurity,greenhouse,https://job-boards.greenhouse.io/wizinc
Workiz,Israeli founders,Field-service SaaS,comeet,https://www.comeet.com/jobs/workiz/F6.006
WSC Sports,"Israeli-founded, Givatayim",Sports video AI,comeet,https://www.comeet.com/jobs/wsc-sports/93.007
XM Cyber,"Israeli founders, Herzliya/Tel Aviv HQ",cybersecurity,comeet,https://www.comeet.com/jobs/xmcyber/15.005
Yotpo,"Israeli-founded, Tel Aviv R&D",E-commerce marketing SaaS,greenhouse,https://job-boards.greenhouse.io/yotpo
Zafran,"Israeli founders, Tel Aviv R&D",cybersecurity,comeet,https://www.comeet.com/jobs/zafran_io/49.009
Zencity,"Israeli-founded, Tel Aviv",GovTech analytics SaaS,smartrecruiters,https://careers.smartrecruiters.com/Zencity1
Zenity,"Israeli founders, Tel Aviv R&D",cybersecurity,other,https://www.zenity.io/careers
Zero Networks,"Israeli founders, Tel Aviv R&D",cybersecurity,other,https://zeronetworks.com/careers
